{"nested":{"bilibili":{"nested":{"community":{"nested":{"service":{"nested":{"dm":{"nested":{"v1":{"nested":{"DmWebViewReply":{"fields":{"state":{"type":"int32","id":1},"text":{"type":"string","id":2},"textSide":{"type":"string","id":3},"dmSge":{"type":"DmSegConfig","id":4},"flag":{"type":"DanmakuFlagConfig","id":5},"specialDms":{"rule":"repeated","type":"string","id":6}}},"DmSegConfig":{"fields":{"pageSize":{"type":"int64","id":1},"total":{"type":"int64","id":2}}},"DanmakuFlagConfig":{"fields":{"recFlag":{"type":"int32","id":1},"recText":{"type":"string","id":2},"recSwitch":{"type":"int32","id":3}}},"DmSegMobileReply":{"fields":{"elems":{"rule":"repeated","type":"DanmakuElem","id":1}}},"DanmakuElem":{"fields":{"id":{"type":"int64","id":1},"progress":{"type":"int32","id":2},"mode":{"type":"int32","id":3},"fontsize":{"type":"int32","id":4},"color":{"type":"uint32","id":5},"midHash":{"type":"string","id":6},"content":{"type":"string","id":7},"ctime":{"type":"int64","id":8},"weight":{"type":"int32","id":9},"action":{"type":"string","id":10},"pool":{"type":"int32","id":11},"idStr":{"type":"string","id":12}}}}}}}}}}}}}}}
